Guid,Remote URL
21a75c,http://cloud-3.steamusercontent.com/ugc/1737818424199720042/62B437AC04312C2638454E01D25B60E6389C0D03/
113ca4,http://cloud-3.steamusercontent.com/ugc/1737818424199717616/B03B93D8C19BDF68B888D5D8FE5B866AC5898F2B/
6ec2dd,http://cloud-3.steamusercontent.com/ugc/1737818424199711839/7129EB3B554856FA209C7E0BC3A6B7AB41893797/
fe3f5c,http://cloud-3.steamusercontent.com/ugc/1737818424199705248/F9E92E5A71015D77EA66369F3E17F83949CC2EFF/
95ab3b,http://cloud-3.steamusercontent.com/ugc/1737818424199715116/7A01F69AC1888010F2861F5C14D6948307FDCCE3/
54ef27,http://cloud-3.steamusercontent.com/ugc/1737818424199709065/3A0C975C3EA2C813CE1CD1E0476673A9A3BA4F57/
428e5f,http://cloud-3.steamusercontent.com/ugc/1737818424199711839/7129EB3B554856FA209C7E0BC3A6B7AB41893797/
2f68d2,http://cloud-3.steamusercontent.com/ugc/1737818424199715116/7A01F69AC1888010F2861F5C14D6948307FDCCE3/
a8d13e,http://cloud-3.steamusercontent.com/ugc/1737818424199720042/62B437AC04312C2638454E01D25B60E6389C0D03/
6e9c92,http://cloud-3.steamusercontent.com/ugc/1737818424199705248/F9E92E5A71015D77EA66369F3E17F83949CC2EFF/
280df5,http://cloud-3.steamusercontent.com/ugc/1737818424199709065/3A0C975C3EA2C813CE1CD1E0476673A9A3BA4F57/
c13a81,http://cloud-3.steamusercontent.com/ugc/1737818424199717616/B03B93D8C19BDF68B888D5D8FE5B866AC5898F2B/
00e019,http://cloud-3.steamusercontent.com/ugc/1737818424199715116/7A01F69AC1888010F2861F5C14D6948307FDCCE3/
331287,http://cloud-3.steamusercontent.com/ugc/1737818424199720042/62B437AC04312C2638454E01D25B60E6389C0D03/
cfcb4d,http://cloud-3.steamusercontent.com/ugc/1737818424199709065/3A0C975C3EA2C813CE1CD1E0476673A9A3BA4F57/
edd676,http://cloud-3.steamusercontent.com/ugc/1737818424199705248/F9E92E5A71015D77EA66369F3E17F83949CC2EFF/
7ebcdf,http://cloud-3.steamusercontent.com/ugc/1737818884335074614/1CB214A6BE2FA995B88D532B4EFEB0A461EAFA9E/
6acba6,http://cloud-3.steamusercontent.com/ugc/1737818884335115976/FB7AF82445376E25B844353CF9DE787DE18F596E/
